﻿<?xml version="1.0" encoding="utf-8" standalone="no" ?>
<modDesc descVersion="61">
    <author>Realismus Modding</author>
    <version>1.0.0.0</version>
    <title>
        <en>Government Subsidy</en>
        <de>Regierungssubventionierung</de>
        <fr>Subvention Gouvernementale</fr>
        <nl>Overheidssubsidie</nl>
    </title>
    <description>
        <en>
            <![CDATA[Get some subsidies for your farm to help you along in a bad year.

Comes with two types of subsidy:
- Government Subsidy for 100 million dollar per year
- Municipal Subsidy for 100 000 dollar per year]]>
        </en>
        <de>
            <![CDATA[Holen Sie sich ein paar Subventionen für Ihren Betrieb, um Ihnen in einem schlechten Jahr zu helfen.

Es gibt zwei Arten von Subventionen:
- Staatliche Subvention für 100 Millionen Dollar pro Jahr
- Kommunale Subvention für 100 000 Dollar pro Jahr]]>
        </de>
        <fr>
            <![CDATA[Obtenez des subventions pour votre ferme afin de vous aider lors d'une mauvaise année.

Il y a deux types de subventions :
- Subvention du gouvernement pour 100 millions de dollars par an.
- Subvention municipale de 100 000 dollars par an.]]>
        </fr>
    </description>
    <iconFilename>icon.dds</iconFilename>
    <multiplayer supported="true" />

    <storeItems>
        <storeItem xmlFilename="governmentSubsidy.xml"/>
        <storeItem xmlFilename="municipalSubsidy.xml"/>
    </storeItems>

    <!-- FS22 1.1 does not load custom placeable types yet -->
    <!--<placeableTypes>
        <type name="sign" parent="placeable" filename="$dataS/scripts/placeables/Placeable.lua">
            <specialization name="placement" />
            <specialization name="incomePerHour" />
        </type>
    </placeableTypes> -->

    <l10n>
        <text name="shopItem_subsidy">
            <en>Government subsidy</en>
            <de>Regierungssubventionierung</de>
            <fr>Subvention gouvernementale</fr>
            <nl>Overheidssubsidie</nl>
        </text>
        <text name="shopItem_subsidy_municipal">
            <en>Municipal subsidy</en>
            <de>Gemeindezuschuss</de>
            <fr>Subvention municipale</fr>
            <nl>Gemeentesubsidie</nl>
        </text>
        <text name="function_subsidy">
            <en>Place this on your farm to receive a government subsidy.</en>
            <de>Platziert dieses Objekt auf Eurem Hof um einen Regierungszuschuss zu erhalten.</de>
            <fr>Placez ceci sur votre ferme pour recevoir une subvention du gouvernement.</fr>
            <nl>Plaats dit op je boerderij om een subsidie van de overheid te ontvangen.</nl>
        </text>
        <text name="function_subsidy_municipal">
            <en>Place this on your farm to receive a municipal subsidy.</en>
            <de>Platziert dieses Objekt auf Eurem Hof um einen Gemeindezuschuss zu erhalten.</de>
            <fr>Placez ceci sur votre ferme pour recevoir une subvention municipale.</fr>
            <nl>Plaats dit op je boerderij om een subsidie van de gemeente te ontvangen.</nl>
        </text>
    </l10n>
</modDesc>
