<?xml version="1.0" encoding="utf-8" standalone="no" ?>
<!-- <placeable type="sign"> -->
<placeable type="windTurbine">
    <storeData>
        <name>$l10n_shopItem_subsidy_municipal</name>
        <functions>
            <function>$l10n_function_subsidy_municipal</function>
        </functions>
        <image>store_subsidy_municipal.png</image>
        <price>0</price>
        <dailyUpkeep>0</dailyUpkeep>
        <canBeSold>true</canBeSold>
        <showInStore>true</showInStore>
        <lifetime>1000</lifetime>
        <rotation>0</rotation>
        <brand>NONE</brand>
        <species>placeable</species>
        <category>placeableMisc</category>
        <brush>
            <type>placeable</type>
            <category>production</category>
            <tab>generators</tab>
        </brush>
        <vertexBufferMemoryUsage>4608</vertexBufferMemoryUsage>
        <indexBufferMemoryUsage>768</indexBufferMemoryUsage>
        <textureMemoryUsage>655360</textureMemoryUsage>
        <audioMemoryUsage>0</audioMemoryUsage>
        <instanceVertexBufferMemoryUsage>0</instanceVertexBufferMemoryUsage>
        <instanceIndexBufferMemoryUsage>0</instanceIndexBufferMemoryUsage>
    </storeData>

    <base>
        <filename>sign_municipal.i3d</filename>
    </base>

    <placement useRandomYRotation="false" useManualYRotation="true">
        <testAreas>
            <testArea startNode="0>1|0" endNode="0>1|0|0" />
        </testAreas>
    </placement>

    <clearAreas />

    <leveling requireLeveling="false" />

    <indoorAreas />

    <tipOcclusionUpdateAreas />

    <ai>
        <updateAreas>
            <updateArea startNode="0>1|0" endNode="0>1|0|0" />
        </updateAreas>
    </ai>

    <!-- FS22 1.1 does not support custom placeable types so we lift on windTurbine.
    Setting optimal speed to a very low number will clamp the income factor to 1 -->
    <windTurbine optimalWindSpeed="0.00000001" />

    <incomePerHour>350</incomePerHour> <!-- ~100k/year -->
</placeable>
